coin_id,coin_algorithm,coin_categories,coin_country_origin,coin_genesis_date,coin_ico_start_date,coin_ico_end_date,coin_short_desc,coin_base_public_sale_amount,coin_quote_public_sale_amount,coin_website,blockchain_website,coin_forum,twitter,facebook,twitter_followers,subreddit_url,reddit_avg_post_48h,reddit_avg_comments_48h,reddit_subscribers,reddit_active_accounts_48h,alexa_rank,bing_matches,coin_sentiment,coin_coingecko_score,coin_developer_score,coin_community_score,coin_liquidity_score,coin_public_interest_score,github_repos,github_forks,github_stars,github_subscribers,github_issues,github_closed_issues,github_pr_merged,github_pr_contributers,github_additions_4w,github_deletions_4w,github_commits_4w
bitcoin,SHA-256,['Cryptocurrency'],,2009-01-03,,,,,,"['http://www.bitcoin.org', '', '']","['https://blockchair.com/bitcoin/', 'https://btc.com/', 'https://btc.tokenview.com/', '', '']","['https://bitcointalk.org/', '', '']",bitcoin,bitcoins,2670240,https://www.reddit.com/r/Bitcoin/,7.083,7.083,3051397,8853,9440.0,,57.17,81.317,98.883,75.318,100.038,0.381,"['https://github.com/bitcoin/bitcoin', 'https://github.com/bitcoin/bips']",28996,54527,3816,6274,5692,8678,729,5220.0,-5205.0,381
ethereum,Ethash,['Smart Contract Platform'],,2015-07-30,2014-07-20T00:00:00.000Z,2014-09-01T00:00:00.000Z,A decentralized platform for applications,1.0,0.00074794,"['https://www.ethereum.org/', '', '']","['https://etherscan.io/', 'https://ethplorer.io/', 'https://blockchair.com/ethereum', 'https://eth.tokenview.com/', 'https://hecoinfo.com/token/0x64ff637fb478863b7468bc97d30a5bf3a428a1fd']","['https://forum.ethereum.org/', '', '']",ethereum,ethereumproject,1342101,https://www.reddit.com/r/ethereum,7.182,7.182,998314,2627,8793.0,,74.99,78.268,97.236,65.118,100.782,0.473,"['https://github.com/ethereum/go-ethereum', 'https://github.com/ethereum/py-evm', 'https://github.com/ethereum/aleth', 'https://github.com/ethereum/web3.py', 'https://github.com/ethereum/solidity', 'https://github.com/ethereum/sharding', 'https://github.com/ethereum/casper', 'https://github.com/paritytech/parity']",11264,30907,2111,5611,5420,3762,531,9465.0,-4504.0,64
tether,,"['USD Stablecoin', 'Stablecoins']",,,,,,,,"['https://tether.to/', '', '']","['https://blockchair.com/bitcoin/omni/property/31', 'https://www.omniexplorer.info/asset/31', 'https://etherscan.io/token/0xdac17f958d2ee523a2206206994597c13d831ec7', 'https://ethplorer.io/address/0xdac17f958d2ee523a2206206994597c13d831ec7', 'https://tronscan.org/#/token20/TR7NHqjeKQxGTCi8q8ZY4pL8otSzgjLj6t']","['', '', '']",Tether_to,tether.to,121513,,0.0,0.0,0,0,74251.0,,67.61,42.054,0.0,10.771,107.145,0.066,[],0,0,0,0,0,0,0,,,0
binancecoin,,"['Centralized Exchange Token (CEX)', 'Binance Smart Chain Ecosystem', 'Exchange-based Tokens']",,2017-07-08,,,,,,"['https://www.binance.com/', '', '']","['https://binance.mintscan.io/', 'https://explorer.binance.org/', 'https://bscscan.com', 'https://etherscan.io/token/0xB8c77482e45F1F44dE1745F52C74426C631bDD52', 'https://ethplorer.io/address/0xB8c77482e45F1F44dE1745F52C74426C631bDD52']","['', '', '']",binance,binanceexchange,4185392,https://www.reddit.com/r/binance,8.833,8.833,478700,2987,888.0,,72.44,68.888,73.255,64.872,86.742,14.394,"['https://github.com/binance-exchange/binance-official-api-docs', 'https://github.com/binance-exchange/node-binance-api', 'https://github.com/binance-exchange/php-binance-api']",2020,3405,498,122,122,55,26,0.0,0.0,0
cardano,,['Smart Contract Platform'],,,,,,,,"['https://www.cardano.org/en/home/', '', '']","['https://cardanoexplorer.com/', 'https://cardanoscan.io/', 'https://blockchair.com/cardano', 'https://adaex.org/', 'https://adastat.net/']","['', '', '']",CardanoStiftung,,496447,https://www.reddit.com/r/cardano,5.833,5.833,508934,2193,42419.0,,78.66,65.752,70.463,59.135,84.797,0.302,"['https://github.com/input-output-hk/cardano-sl', 'https://github.com/input-output-hk/js-cardano-wasm', 'https://github.com/input-output-hk/plutus', 'https://github.com/input-output-hk/rust-cardano', 'https://github.com/input-output-hk/cardano-chain']",608,3620,445,850,665,1706,80,0.0,0.0,0
dogecoin,Scrypt,"['Meme Tokens', 'Cryptocurrency']",,2013-12-08,,,,,,"['http://dogecoin.com/', '', '']","['https://blockchair.com/dogecoin', 'https://doge.tokenview.com/', 'http://dogechain.info/chain/Dogecoin', '', '']","['http://discuss.dogecoin.com/', '', '']",dogecoin,OfficialDogecoin,1786306,https://www.reddit.com/r/dogecoin/,8.455,8.455,2043140,9580,145564.0,,56.16,71.663,77.211,76.819,86.936,0.206,"['https://github.com/dogecoin/dogecoin', 'https://github.com/dogecoin/libdohj']",2120,11985,827,922,774,898,102,70.0,-38.0,2
ripple,,['Cryptocurrency'],,,,,,,,"['https://ripple.com/currency/', '', '']","['https://blockchair.com/ripple', 'https://xrpcharts.ripple.com', 'https://xrpscan.com/', 'https://bithomp.com/explorer/', '']","['https://www.xrpchat.com', '', '']",Ripple,ripplepay,1857270,https://www.reddit.com/r/ripple,0.833,0.833,318391,605,23989.0,,69.12,68.221,86.06,53.141,85.067,0.174,"['https://github.com/ripple/rippled', 'https://github.com/ripple/ripple-lib']",1214,3862,507,983,715,393,28,891.0,-2717.0,31
usd-coin,,"['USD Stablecoin', 'Stablecoins']",US,,,,,,,"['https://www.circle.com/en/usdc', 'https://www.centre.io', '']","['https://etherscan.io/token/0xa0b86991c6218b36c1d19d4a2e9eb0ce3606eb48', 'https://ethplorer.io/address/0xa0b86991c6218b36c1d19d4a2e9eb0ce3606eb48', 'https://blockchair.com/ethereum/erc-20/token/0xa0b86991c6218b36c1d19d4a2e9eb0ce3606eb48', 'https://blockscout.com/poa/xdai/tokens/0xDDAfbb505ad214D7b80b1f830fcCc89B60fb7A83/token-transfers', 'https://explorer-mainnet.maticvigil.com/tokens/0x2791Bca1f2de4661ED88A30C99A7a9449Aa84174/token-transfers']","['', '', '']",,,0,,0.0,0.0,0,0,65370.0,,71.74,52.582,75.017,0.0,81.535,0.047,['https://github.com/centrehq/centre-tokens'],140,197,19,29,29,253,16,11140.0,-14833.0,14
polkadot,,['Polkadot Ecosystem'],,,,,,,,"['https://polkadot.network/', '', '']","['http://polkascan.io/', 'https://polkadot-cc1.subscan.io/', 'https://hubble.figment.io/polkadot/chains/polkadot', '', '']","['', '', '']",Polkadot,,458301,https://www.reddit.com,1.833,1.833,25684,156,30578.0,,78.16,42.825,0.0,43.975,77.897,0.107,['https://github.com/w3f/polkadot-re-spec'],0,0,0,0,0,0,0,,,0
uniswap,,"['Decentralized Exchange Token (DEX)', 'Automated Market Maker (AMM)', 'Yield Farming', 'Decentralized Finance (DeFi)', 'Governance', 'Exchange-based Tokens']",,,,,,,,"['https://uniswap.org/', '', '']","['https://etherscan.io/token/0x1f9840a85d5af5bf1d1762f925bdaddc4201f984', 'https://ethplorer.io/address/0x1f9840a85d5af5bf1d1762f925bdaddc4201f984', 'https://blockscout.com/poa/xdai/tokens/0x4537e328Bf7e4eFA29D05CAeA260D7fE26af9D74/token-transfers', 'https://explorer-mainnet.maticvigil.com/tokens/0xb33EaAd8d922B1083446DC23f610c2567fB5180f/token-transfers', 'https://hecoinfo.com/token/0x22c54ce8321a4015740ee1109d9cbc25815c46e6']","['', '', '']",Uniswap,,533802,https://www.reddit.com/r/Uniswap,0.5,0.5,46079,207,3614.0,,74.53,41.438,0.0,46.12,70.46,1.4,[],0,0,0,0,0,0,0,,,0
internet-computer,,['Smart Contract Platform'],,,,,,,,"['https://dfinity.org/', '', '']","['https://www.dfinityexplorer.org/#/', '', '', '', '']","['https://forum.dfinity.org/', '', '']",dfinity,,225860,https://www.reddit.com/r/dfinity/,2.083,2.083,19340,119,,,51.91,55.987,65.698,42.904,65.067,0.072,"['https://github.com/dfinity/candid', 'https://github.com/dfinity/agent-rs', 'https://github.com/dfinity/cdk-rs']",24,126,10,56,33,159,17,980.0,-794.0,10
bitcoin-cash,SHA-256,['Cryptocurrency'],,,,,,,,"['https://bch.info/', '', '']","['https://blockchair.com/bitcoin-cash', 'https://bch.btc.com/', 'https://explorer.bitcoin.com/bch', 'https://bch.tokenview.com/', 'https://hecoinfo.com/token/0xef3cebd77e0c52cb6f60875d9306397b5caca375']","['', '', '']",,,0,https://www.reddit.com/r/btc,7.091,7.091,558794,804,999966.0,,54.35,44.595,0.0,48.341,84.494,0.007,"['https://github.com/gcash/bchd', 'https://github.com/k-nuth/kth', 'https://github.com/softwareverde/bitcoin-verde']",0,0,0,0,0,0,0,,,0
litecoin,Scrypt,['Cryptocurrency'],,2011-10-08,,,,,,"['http://litecoin.org', '', '']","['https://blockchair.com/litecoin', 'https://chainz.cryptoid.info/ltc/', 'https://bitupper.com/en/explorer/litecoin', 'https://litecoinblockexplorer.net/', 'https://ltc.tokenview.com/']","['https://litecointalk.org/', '', '']",LTCFoundation,,185406,https://www.reddit.com/r/litecoin/,0.917,0.917,335384,609,178888.0,,71.72,63.631,73.364,51.391,84.762,0.022,['https://github.com/litecoin-project/litecoin'],2685,3881,539,427,370,101,42,0.0,0.0,0
chainlink,,"['Solana Ecosystem', 'Near Protocol Ecosystem', 'Polygon Ecosystem', 'xDAI Ecosystem', 'Business Services', 'Infrastructure', 'Smart Contract Platform', 'Polkadot Ecosystem', 'Decentralized Finance (DeFi)', 'Oracle']",,2017-09-16,,,,,,"['https://chain.link/', '', '']","['https://etherscan.io/token/0x514910771af9ca656af840dff83e8264ecf986ca', 'https://ethplorer.io/address/0x514910771af9ca656af840dff83e8264ecf986ca', 'https://blockchair.com/ethereum/erc-20/token/0x514910771af9ca656af840dff83e8264ecf986ca', 'https://explorer.chain.link', 'https://blockscout.com/poa/xdai/tokens/0xE2e73A1c69ecF83F464EFCE6A5be353a37cA09b2/token-transfers']","['', '', '']",chainlink,,361387,https://www.reddit.com/r/Chainlink/,1.083,1.083,59764,226,41366.0,,73.54,63.846,84.671,45.919,77.658,0.077,"['https://github.com/smartcontractkit/chainlink', 'https://github.com/smartcontractkit/chainlink-ruby']",572,2000,220,206,170,3518,65,22789.0,-14360.0,241
solana,,"['Solana Ecosystem', 'Smart Contract Platform']",,,,,High-Performance Blockchain,0.0,0.0,"['https://solana.com/', '', '']","['https://explorer.solana.com/', 'https://solanabeach.io/', '', '', '']","['https://docs.solana.com/', '', '']",solana,,313460,https://www.reddit.com/r/solana,4.583,4.583,21763,321,83508.0,,80.9,63.444,86.453,46.275,73.024,0.216,['https://github.com/solana-labs/solana'],494,2256,122,2927,2439,12899,140,123420.0,-102572.0,365
binance-usd,,"['USD Stablecoin', 'Binance Smart Chain Ecosystem', 'Stablecoins']",,,,,,,,"['https://www.paxos.com/busd/', '', '']","['https://etherscan.io/token/0x4Fabb145d64652a948d72533023f6E7A623C7C53', 'https://ethplorer.io/address/0x4Fabb145d64652a948d72533023f6E7A623C7C53', 'https://explorer.binance.org/asset/BUSD-BD1', '', '']","['', '', '']",PaxosGlobal,paxosglobal,22069,,0.0,0.0,0,0,82114.0,,68.97,36.275,0.0,9.204,86.814,0.048,['https://github.com/paxosglobal/busd-contract'],0,0,0,0,0,0,0,,,0
matic-network,,['Polygon Ecosystem'],IN,,,,Scalable and Instant Blockchain Transactions,1.0,0.00263,"['https://matic.network', '', '']","['https://etherscan.io/token/0x7d1afa7b718fb893db30a3abc0cfc608aacfebb0', 'https://ethplorer.io/address/0x7d1afa7b718fb893db30a3abc0cfc608aacfebb0', 'https://explorer-mainnet.maticvigil.com/', '', '']","['', '', '']",0xPolygon,,453231,https://www.reddit.com/r/maticnetwork/,8.0,8.0,40867,573,55039.0,,78.33,60.153,61.97,52.794,80.507,0.178,"['https://github.com/maticnetwork/contracts', 'https://github.com/maticnetwork/heimdall', 'https://github.com/maticnetwork/matic.js', 'https://github.com/maticnetwork/eth-dagger.js', 'https://github.com/maticnetwork/sol-trace']",90,221,37,47,39,250,16,0.0,0.0,0
theta-token,,"['Entertainment', 'Non-Fungible Tokens (NFT)']",US,2017-12-14,2018-01-08T00:00:00.000Z,2018-02-08T00:00:00.000Z,Next generation video delivery powered by you,1.0,0.15,"['https://www.thetatoken.org/', '', '']","['https://explorer.thetatoken.org', '', '', '', '']","['', '', '']",Theta_Network,ThetaNetwork,169451,https://www.reddit.com,5.083,5.083,18807,401,80855.0,,85.63,56.866,64.352,45.178,69.847,0.117,"['https://github.com/thetatoken/theta-protocol-ledger', 'https://github.com/thetatoken/theta-infrastructure-vault', 'https://github.com/thetatoken/theta-infrastructure-ledger-explorer', 'https://github.com/thetatoken/theta-protocol-delivery-lib']",46,221,43,37,21,88,8,275.0,-124.0,14
stellar,,"['Cryptocurrency', 'Smart Contract Platform']",,,,,,,,"['https://www.stellar.org/', '', '']","['https://dashboard.stellar.org/', 'https://stellar.expert/explorer/public/', 'https://steexp.com/', 'https://blockchair.com/stellar', '']","['https://galactictalk.org/', '', '']",stellarorg,stellarfoundation,587190,https://www.reddit.com/r/stellar,0.909,0.909,192968,474,47328.0,,72.87,64.767,87.631,50.629,74.476,0.086,"['https://github.com/stellar/stellar-core', 'https://github.com/stellar/js-stellar-sdk', 'https://github.com/stellar/go', 'https://github.com/stellar/stellar-protocol']",898,2737,279,1226,1039,999,67,627.0,-608.0,80
vechain,,"['Internet of Things (IOT)', 'Artificial Intelligence', 'Business Platform']",CN,2017-08-15,2017-08-18T00:00:00.000Z,2017-08-31T00:00:00.000Z,VeChain is a global leading blockchain platform for products and information.,350000.0,1.0,"['https://www.vechain.org', 'https://www.vechain.com', '']","['https://explore.vechain.org', 'https://vechainstats.com/', '', '', '']","['', '', '']",vechainofficial,,373966,https://www.reddit.com/r/Vechain,1.0,1.0,184772,872,122046.0,,82.53,63.391,79.729,50.773,77.51,0.073,"['https://github.com/vechain/thor', 'https://github.com/vechain/web3-gear', 'https://github.com/vechain/thor-devkit.js', 'https://github.com/vechain/thorify']",188,664,157,94,84,311,15,0.0,0.0,21
ethereum-classic,Ethash,['Smart Contract Platform'],CH,2015-07-30,2014-06-20T00:00:00.000Z,2014-06-20T00:00:00.000Z,A decentralized platform for applications,1.0,0.45,"['http://ethereumclassic.org', '', '']","['https://blockscout.com/etc/mainnet', 'https://etc.tokenview.com/', 'https://expedition.dev/?network=mainnet', 'https://ethereumclassic.org/development/network-resources', '']","['https://forum.ethereumclassic.org/', '', '']",eth_classic,ethereumclassic,460482,https://www.reddit.com/r/EthereumClassic,0.583,0.583,56853,284,183443.0,,65.66,43.982,0.0,46.246,85.25,0.019,"['https://github.com/ethereumclassic', 'https://github.com/multi-geth/multi-geth', 'https://github.com/openethereum/openethereum', 'https://github.com/hyperledger/besu', 'https://github.com/etclabscore/core-geth', 'https://github.com/ethereumclassic/ECIPs']",0,0,0,0,0,0,0,,,0
wrapped-bitcoin,,"['Wrapped-Tokens', 'Tokenized BTC']",,,,,,,,"['https://www.wbtc.network/', '', '']","['https://etherscan.io/token/0x2260fac5e5542a773aa44fbcfedf7c193bc2c599', 'https://ethplorer.io/address/0x2260fac5e5542a773aa44fbcfedf7c193bc2c599', 'https://blockscout.com/poa/xdai/tokens/0x8e5bBbb09Ed1ebdE8674Cda39A0c169401db4252/token-transfers', '', '']","['', '', '']",,,0,,0.0,0.0,0,0,168297.0,,64.71,29.745,0.0,0.0,65.622,0.008,"['https://github.com/WrappedBTC/bitcoin-token-smart-contracts', 'https://github.com/WrappedBTC/DAO']",0,0,0,0,0,0,0,,,0
filecoin,,"['Infrastructure', 'Storage']",,,,,,,,"['https://filecoin.io/', '', '']","['https://filfox.info/en', 'https://filscan.io/#/tipset/chain', 'https://hecoinfo.com/token/0xae3a768f9ab104c69a7cd6041fe16ffa235d1810', '', '']","['https://filecoin.io/blog/', 'https://discuss.filecoin.io/', '']",Filecoin,,90993,,0.0,0.0,0,0,36454.0,,74.36,33.862,0.0,10.507,74.563,0.074,['https://github.com/filecoin-project/'],0,0,0,0,0,0,0,,,0
tron,Delegated Proof-of-Stake,['Smart Contract Platform'],CN,2017-08-28,2017-08-31T00:00:00.000Z,2017-09-02T00:00:00.000Z,"TRON is a blockchain-based, open-source protocol for the global digital entertainment industry. TRON supports various kinds of blockchain networks and smart contract systems",1.0,0.0019,"['https://tron.network', '', '']","['https://tronscan.org/', 'https://www.trxplorer.io/', 'https://trx.tokenview.com/', '', '']","['', '', '']",tronfoundation,tronfoundation,1026993,https://www.reddit.com/r/Tronix,1.083,1.083,111754,412,28670.0,,73.62,64.066,84.226,49.651,78.03,0.1,"['https://github.com/tronprotocol/java-tron', 'https://github.com/tronprotocol/grpc-gateway', 'https://github.com/tronprotocol/protocol', 'https://github.com/tronprotocol/tron-contracts', 'https://github.com/tronprotocol/wallet-cli']",897,2699,320,832,823,2367,169,26.0,-27.0,15
eos,Delegated Proof-of-Stake,['Smart Contract Platform'],US,2017-07-01,2017-06-27T00:00:00.000Z,2018-06-01T00:00:00.000Z,EOS claims to be “the most powerful infrastructure for decentralized applications.,1.0,0.99,"['https://eos.io/', '', '']","['https://bloks.io/', 'https://eospark.com/', 'https://eosflare.io/', 'https://eosauthority.com/', '']","['', '', '']",block_one_,eosblockchain,224269,https://www.reddit.com/r/eos,1.091,1.091,88359,361,107742.0,,65.69,66.747,94.144,47.013,81.929,0.038,"['https://github.com/EOSIO/eos', 'https://github.com/EOSIO/eosjs', 'https://github.com/EOSIO/eosio.cdt']",3628,11217,1087,4957,4707,4409,232,250.0,-39.0,77
dai,,"['USD Stablecoin', 'Decentralized Finance (DeFi)', 'Stablecoins']",,,,,,,,"['https://makerdao.com/', '', '']","['https://etherscan.io/token/0x6b175474e89094c44da98b954eedeac495271d0f', 'https://ethplorer.io/address/0x6b175474e89094c44da98b954eedeac495271d0f', 'https://blockchair.com/ethereum/erc-20/token/0x6b175474e89094c44da98b954eedeac495271d0f', 'https://explorer-mainnet.maticvigil.com/tokens/0x8f3Cf7ad23Cd3CaDbD9735AFf958023239c6A063/token-transfers', '']","['', '', '']",MakerDAO,,157553,https://www.reddit.com/r/MakerDAO,0.667,0.667,27803,180,30241.0,,70.97,39.602,0.0,42.959,69.075,0.063,[],0,0,0,0,0,0,0,,,0
monero,RandomX,['Privacy Coins'],,2014-04-18,,,,,,"['https://getmonero.org', '', '']","['https://xmrchain.net/', 'http://moneroblocks.info', 'http://monerovision.com/', 'https://blockchair.com/monero', 'https://xmr.tokenview.com/']","['https://forum.monero.space/', '', '']",monero,monerocurrency,423113,https://www.reddit.com/r/monero,3.25,3.25,224124,799,74604.0,,86.84,63.811,90.603,53.351,65.155,0.06,"['https://github.com/monero-project/monero', 'https://github.com/monero-project/monero-gui', 'https://github.com/monero-project/kastelo']",3131,5933,492,2441,1980,4271,285,2.0,0.0,40
aave,,"['Lending/Borrowing', 'Near Protocol Ecosystem', 'Polygon Ecosystem', 'Yield Farming', 'Decentralized Finance (DeFi)', 'Governance']",,,,,,,,"['https://app.aave.com/?referral=93', '', '']","['https://etherscan.io/token/0x7fc66500c84a76ad7e9c93437bfc5ac33e2ddae9', 'https://ethplorer.io/address/0x7fc66500c84a76ad7e9c93437bfc5ac33e2ddae9', 'https://hecoinfo.com/token/0x202b4936fe1a82a4965220860ae46d7d3939bb25', '', '']","['https://www.instagram.com/aave.aave/', '', '']",AaveAave,AaveCom,229052,https://www.reddit.com/r/Aave_Official,0.0,0.0,10729,101,15890.0,,80.65,50.687,47.892,39.705,68.055,0.134,['https://github.com/aave/aave-protocol'],303,707,85,23,15,4,2,0.0,0.0,0
okb,,"['Centralized Exchange Token (CEX)', 'Exchange-based Tokens']",,,,,,,,"['https://www.okex.com/okb', '', '']","['https://etherscan.io/token/0x75231f58b43240c9718dd58b4967c5114342a86c', 'https://ethplorer.io/address/0x75231f58b43240c9718dd58b4967c5114342a86c', 'https://blockchair.com/ethereum/erc-20/token/0x75231f58b43240c9718dd58b4967c5114342a86c', '', '']","['', '', '']",OKEx,okexofficial,429620,,0.0,0.0,0,0,4137.0,,68.75,33.011,0.0,11.926,70.219,1.029,[],0,0,0,0,0,0,0,,,0
shiba-inu,,['Meme Tokens'],,,,,,,,"['https://shibatoken.com/', '', '']","['https://etherscan.io/token/0x95ad61b0a150d79219dcf64e1e6cc01f0b64c4ce', 'https://ethplorer.io/address/0x95ad61b0a150d79219dcf64e1e6cc01f0b64c4ce', '', '', '']","['', '', '']",Shibtoken,,580997,https://www.reddit.com/r/SHIBArmy/,8.25,8.25,164676,2356,4476531.0,,69.89,43.773,0.0,59.972,71.503,0.11,[],0,0,0,0,0,0,0,,,0
compound-usd-coin,,"['Finance / Banking', 'Decentralized Finance (DeFi)', 'Compound Tokens', 'Asset-backed Tokens']",,,,,,,,"['https://compound.finance/', '', '']","['https://etherscan.io/token/0x39aa39c021dfbae8fac545936693ac917d5e7563', 'https://ethplorer.io/address/0x39aa39c021dfbae8fac545936693ac917d5e7563', '', '', '']","['', '', '']",compoundfinance,,148327,,0.0,0.0,0,0,21444.0,,58.82,28.091,0.0,10.954,48.061,0.09,['https://github.com/compound-finance/compound-protocol'],0,0,0,0,0,0,0,,,0
cdai,,"['Decentralized Finance (DeFi)', 'Compound Tokens', 'Asset-backed Tokens']",US,,,,,,,"['https://compound.finance/', '', '']","['https://etherscan.io/token/0x5d3a536e4d6dbd6114cc1ead35777bab948e3643', 'https://ethplorer.io/address/0x5d3a536e4d6dbd6114cc1ead35777bab948e3643', '', '', '']","['', '', '']",compoundfinance,,148327,https://www.reddit.com/r/compound,0.167,0.167,6556,237,21444.0,,54.55,34.593,0.0,38.314,50.301,0.09,[],0,0,0,0,0,0,0,,,0
neo,,['Smart Contract Platform'],,2016-10-17,2016-08-08T00:00:00.000Z,2016-09-07T00:00:00.000Z,Distributed ledger protocol that digitalizes real-world assets,1.0,0.036,"['https://neo.org/', '', '']","['https://neo.tokenview.com/', 'https://scan.nel.group/', 'https://neoscan.io/', '', '']","['', '', '']",NEO_Blockchain,,402726,https://www.reddit.com/r/NEO,0.583,0.583,111829,232,122930.0,,70.27,60.238,77.347,47.823,70.713,0.02,"['https://github.com/neo-project/neo', 'https://github.com/neo-project/neo-cli', 'https://github.com/neo-project/neo-gui', 'https://github.com/CityOfZion/neon-js', 'https://github.com/CityOfZion/neo-python']",956,3269,395,1010,909,1016,56,50.0,-6.0,3
compound-ether,,"['Finance / Banking', 'Decentralized Finance (DeFi)', 'Compound Tokens', 'Asset-backed Tokens']",US,,,,,,,"['https://compound.finance/', '', '']","['https://etherscan.io/token/0x4ddc2d193948926d02f9b1fe9e1daa0718270ed5', 'https://ethplorer.io/address/0x4ddc2d193948926d02f9b1fe9e1daa0718270ed5', '', '', '']","['', '', '']",compoundfinance,,147863,https://www.reddit.com/r/compound/,0.333,0.333,6556,67,21444.0,,50.0,35.214,0.0,38.313,53.028,0.09,[],0,0,0,0,0,0,0,,,0
kusama,,['Polkadot Ecosystem'],,,,,,,,"['https://kusama.network/', 'https://kusama.polkastats.io/', '']","['https://polkascan.io/pre/kusama-cc3', 'https://kusama.subscan.io/', '', '', '']","['https://forum.kusama.network/', '', '']",kusamanetwork,,75587,,0.0,0.0,0,0,173763.0,,82.82,31.99,0.0,10.329,67.555,0.02,['https://github.com/kusamanetwork/kusama.network'],0,0,0,0,0,0,0,,,0
cosmos,,"['Cosmos Ecosystem', 'Cryptocurrency']",,,2017-04-06T00:00:00.000Z,2017-04-06T00:00:00.000Z,A network of distributed ledgers,1.0,0.1,"['http://cosmos.network/', '', '']","['https://www.mintscan.io/cosmos', 'https://cosmos.bigdipper.live/', 'https://hubble.figment.network/cosmos/chains/cosmoshub-3', 'https://atomscan.com/', '']","['https://forum.cosmos.network/', '', '']",cosmos,,156643,https://www.reddit.com/r/cosmosnetwork,1.167,1.167,30177,145,86006.0,,78.99,55.108,61.143,43.305,70.569,0.045,"['https://github.com/cosmos/cosmos', 'https://github.com/cosmos/cosmos-sdk', 'https://github.com/cosmos/voyager']",202,977,142,70,33,39,21,0.0,0.0,0
celsius-degree-token,,['Business Services'],US,,2018-03-16T00:00:00.000Z,2018-03-28T00:00:00.000Z,P2P Decentralized Lending & Borrowing Platform,1.0,0.3,"['https://celsius.network/', '', '']","['https://etherscan.io/token/0xaaaebe6fe48e54f431b0c390cfaf0b017d09d42d', 'https://ethplorer.io/address/0xaaaebe6fe48e54f431b0c390cfaf0b017d09d42d', '', '', '']","['', '', '']",celsiusnetwork,CelsiusNetwork,151184,https://www.reddit.com/r/CelsiusNetwork,5.667,5.667,22175,305,36101.0,,95.56,35.435,0.0,45.599,46.58,0.128,[],0,0,0,0,0,0,0,,,0
pancakeswap-token,,"['Decentralized Exchange Token (DEX)', 'Automated Market Maker (AMM)', 'Yield Farming', 'Binance Smart Chain Ecosystem', 'Decentralized Finance (DeFi)', 'Governance', 'Exchange-based Tokens']",,,,,,,,"['https://pancakeswap.finance/', '', '']","['https://bscscan.com/token/0x0e09fabb73bd3ade0a17ecc321fd13a19e81ce82', '', '', '', '']","['https://medium.com/@pancakeswap', 'https://docs.pancakeswap.finance/', '']",pancakeswap,,859131,,0.0,0.0,0,0,22733.0,,83.83,32.323,0.0,12.573,66.59,2.052,['https://github.com/pancakeswap'],0,0,0,0,0,0,0,,,0
bitcoin-cash-sv,SHA-256,[],,,,,,,,"['https://bitcoinsv.com/', '', '']","['https://blockchair.com/bitcoin-sv', 'http://whatsonchain.com', 'https://bsv.tokenview.com/', '', '']","['', '', '']",,,0,,0.0,0.0,0,0,585983.0,,75.0,41.506,42.9,0.0,73.424,0.006,['https://github.com/bitcoin-sv/bitcoin-sv'],234,491,106,162,117,0,0,90.0,-78.0,27
iota,Directed Acyclic Graph (DAG),"['Internet of Things (IOT)', 'Smart Contract Platform']",,,2015-11-11T00:00:00.000Z,2015-11-11T00:00:00.000Z,IOTA is a distributed ledger for the Internet of Things. ,1.0,1.34e-06,"['http://iota.org/', '', '']","['https://thetangle.org/', 'https://iotasear.ch/', 'https://explorer.iota.org', '', '']","['', '', '']",iota,,192475,https://www.reddit.com/r/Iota,2.833,2.833,135640,376,146906.0,,80.0,38.514,0.0,49.336,57.552,0.042,"['https://github.com/iotaledger', 'https://github.com/iotaledger/firefly', 'https://github.com/iotaledger/hornet', 'https://github.com/iotaledger/bee', 'https://github.com/iotaledger/chronicle.rs', 'https://github.com/iotaledger/iota.go', 'https://github.com/iotaledger/stronghold.rs', 'https://github.com/iotaledger/iota.rs', 'https://github.com/iotaledger/iota.c', 'https://github.com/iotaledger/documentation', 'https://github.com/iotaledger/iota.js', 'https://github.com/iotaledger/goshimmer', 'https://github.com/iotaledger/streams']",0,0,0,0,0,0,0,,,0
maker,,"['Lending/Borrowing', 'Near Protocol Ecosystem', 'Decentralized Finance (DeFi)', 'Governance']",,2017-11-25,,,,,,"['https://makerdao.com/', '', '']","['https://etherscan.io/token/0x9f8f72aa9304c8b593d555f12ef6589cc3a579a2', 'https://ethplorer.io/address/0x9f8f72aa9304c8b593d555f12ef6589cc3a579a2', 'https://blockchair.com/ethereum/erc-20/token/0x9f8f72aa9304c8b593d555f12ef6589cc3a579a2', '', '']","['', '', '']",MakerDAO,,157437,https://www.reddit.com/r/MakerDAO,0.833,0.833,27799,201,30241.0,,80.49,56.343,73.574,42.745,62.16,0.063,['https://github.com/makerdao/dai.js'],0,0,0,0,0,0,0,,,0
algorand,,"['Cryptocurrency', 'Smart Contract Platform']",,,2019-06-19T00:00:00.000Z,,Powered by consensus.,1.0,2.4,"['https://algorand.foundation/', 'https://www.algorand.com/', '']","['https://algoexplorer.io/', '', '', '', '']","['', '', '']",algorand,,106771,https://www.reddit.com,3.75,3.75,32076,175,368912.0,,80.73,59.759,81.406,45.995,66.043,0.012,"['https://github.com/algorand/go-algorand', 'https://github.com/algorand/java-algorand-sdk', 'https://github.com/algorand/js-algorand-sdk', 'https://github.com/algorand/go-algorand-sdk']",191,565,46,596,464,1340,48,18813.0,-2862.0,52
crypto-com-chain,Ethash,"['Cosmos Ecosystem', 'Centralized Exchange Token (CEX)', 'Exchange-based Tokens']",,2018-11-14,,,,,,"['https://www.crypto.com/en/chain', '', '']","['https://etherscan.io/token/0xa0b73e1ff0b80914ab6fe0444e65848c4c34450b', 'https://ethplorer.io/address/0xa0b73e1ff0b80914ab6fe0444e65848c4c34450b', 'https://blockchair.com/ethereum/erc-20/token/0xa0b73e1ff0b80914ab6fe0444e65848c4c34450b', 'https://crypto.org/explorer/', 'https://cdoscan.com/']","['', '', '']",cryptocom,CryptoComOfficial,784570,https://www.reddit.com/r/Crypto_com/,8.333,8.333,69107,728,7861.0,,83.33,58.141,76.681,54.0,54.923,0.82,['https://github.com/crypto-org-chain/chain-main'],110,174,25,276,264,233,12,2138.0,-570.0,14
theta-fuel,,[],,,,,,,,"['https://www.thetatoken.org/', '', '']","['https://explorer.thetatoken.org/', '', '', '', '']","['', '', '']",Theta_Network,ThetaNetwork,169451,https://www.reddit.com/r/theta_network/,4.917,4.917,18811,359,80855.0,,90.89,38.289,0.0,45.525,61.93,0.117,['https://github.com/thetatoken/theta-protocol-ledger'],0,0,0,0,0,0,0,,,0
tezos,Proof of Stake,['Smart Contract Platform'],US,,2017-07-01T00:00:00.000Z,2017-07-14T00:00:00.000Z,The self-amending crypto-ledger,1.0,0.47,"['https://www.tezos.com/', 'https://tezos.foundation/', '']","['https://tzstats.com/', '', 'https://tezblock.io', 'https://tzkt.io', '']","['https://forum.tezosagora.org/', '', '']",tezos,,120109,https://www.reddit.com/r/tezos,2.917,2.917,48223,279,151590.0,,82.7,58.663,80.593,46.3,61.167,0.024,[],129,261,261,576,373,484,47,,,180
ftx-token,,"['Centralized Exchange Token (CEX)', 'Exchange-based Tokens']",AG,,,,,,,"['https://ftx.com', 'https://help.ftx.com/hc/en-us/sections/360004460952-FTX-Token-FTT', '']","['https://etherscan.io/token/0x50d1c9771902476076ecfc8b2a83ad6b9355a4c9', 'https://ethplorer.io/address/0x50d1c9771902476076ecfc8b2a83ad6b9355a4c9', 'https://blockchair.com/ethereum/erc-20/token/0x50d1c9771902476076ecfc8b2a83ad6b9355a4c9', '', '']","['', '', '']",FTX_official,,138773,,0.0,0.0,0,0,5253.0,,75.76,30.044,0.0,10.889,57.989,0.57,[],0,0,0,0,0,0,0,,,0
klay-token,,[],KR,,,,,,,"['https://www.klaytn.com/', '', '']","['https://scope.klaytn.com/blocks', '', '', '', '']","['', '', '']",klaytn_official,klaytn.official,36593,https://www.reddit.com/r/klaytn/,0.083,0.083,528,41,94973.0,,60.0,50.941,77.862,28.856,45.423,0.038,['https://github.com/klaytn/klaytn'],60,135,18,43,41,855,21,1099.0,-634.0,90
avalanche-2,,"['Avalanche Ecosystem', 'Smart Contract Platform']",,,,,,,,"['https://www.avalabs.org/', 'https://info.avax.network/#about', 'https://www.avax.network/']","['https://avascan.info/', 'https://explorer.avax.network/', '', '', '']","['', '', '']",avalancheavax,avalancheavax,124124,https://www.reddit.com/r/Avax,0.417,0.417,8023,56,184521.0,,70.29,56.5,81.719,38.59,57.815,0.027,['https://github.com/ava-labs/avalanchego'],154,702,82,258,217,229,21,3269.0,-2120.0,364
huobi-token,,"['Centralized Exchange Token (CEX)', 'Exchange-based Tokens']",,2018-01-31,2018-01-24T00:00:00.000Z,2018-02-08T00:00:00.000Z,Blockchain-powered loyalty point system,1.0,0.99,"['https://www.hbg.com', '', '']","['https://etherscan.io/token/0x6f259637dcd74c767781e37bc6133cd6a68aa161', 'https://ethplorer.io/address/0x6f259637dcd74c767781e37bc6133cd6a68aa161', 'https://blockchair.com/ethereum/erc-20/token/0x6f259637dcd74c767781e37bc6133cd6a68aa161', '', '']","['', '', '']",HuobiGlobal,,446903,https://www.reddit.com/r/huobi/,0.333,0.333,1391,13,468329.0,,73.33,38.403,0.0,34.349,74.461,0.004,[],0,0,0,0,0,0,0,,,0
bittorrent-2,Delegated Proof-of-Stake,"['Protocol', 'Storage']",SG,,2019-01-28T00:00:00.000Z,2019-01-28T00:00:00.000Z,Tokenizing the world’s largest decentralized file sharing protocol,1.0,0.00012,"['https://www.bittorrent.com/btt/', '', '']","['https://tronscan.org/#/token/1002000', 'https://www.trxplorer.io/token/1002000', 'https://bscscan.com/token/0x8595f9da7b868b1822194faed312235e43007b49', '', '']","['', '', '']",bittorrent,bittorrent,486554,https://www.reddit.com/r/Bittorrent/,2.083,2.083,33125,111,5116.0,,70.51,40.033,0.0,45.433,70.344,0.628,['https://github.com/bittorrent/bittorrent.org'],0,0,0,0,0,0,0,,,0
leo-token,,"['Centralized Exchange Token (CEX)', 'Exchange-based Tokens']",,2019-05-20,,,,,,"['https://www.bitfinex.com/', '', '']","['https://eospark.com/account/bitfinexleo1', 'https://eosflare.io/account/bitfinexleo1', 'https://etherscan.io/token/0x2af5d2ad76741191d15dfe7bf6ac92d4bd912ca3', 'https://ethplorer.io/address/0x2af5d2ad76741191d15dfe7bf6ac92d4bd912ca3', 'https://blockchair.com/ethereum/erc-20/token/0x2af5d2ad76741191d15dfe7bf6ac92d4bd912ca3']","['', '', '']",bitfinex,bitfinex,694134,https://www.reddit.com/r/bitfinex/,0.167,0.167,8829,42,7100.0,,50.0,31.382,0.0,40.381,33.086,0.673,[],0,0,0,0,0,0,0,,,0
terra-luna,,"['Cosmos Ecosystem', 'Terra Ecosystem', 'Decentralized Finance (DeFi)']",,,,,A stable foundation for the future of decentralized finance.,0.0,0.0,"['https://terra.money', '', '']","['https://finder.terra.money/', 'https://terra.bigdipper.live/', 'https://terra.stake.id/', 'https://hubble.figment.network/terra/chains/columbus-1', '']","['', '', '']",terra_money,,79707,,0.0,0.0,0,0,206479.0,,78.05,31.377,0.0,10.381,65.864,0.101,['https://github.com/terra-project/core'],0,0,0,0,0,0,0,,,0
thorchain,,"['Cosmos Ecosystem', 'Decentralized Exchange Token (DEX)', 'Infrastructure', 'Decentralized Finance (DeFi)', 'Exchange-based Tokens']",CH,,,,THORChain is a decentralised liquidity network allowing permissionless and instant cross-network asset swaps and cross-currency decentralised finance.,1.0,0.038,"['https://thorchain.org/', '', '']","['https://explorer.binance.org/asset/RUNE-B1A', 'https://viewblock.io/thorchain', '', '', '']","['', '', '']",thorchain_org,thorchain.org,2142,https://www.reddit.com/r/thorchain,1.0,1.0,5323,61,241480.0,,73.42,45.597,41.6,34.178,58.63,0.029,"['https://github.com/thorchain/THORChain', 'https://github.com/thorchain/instaswap-sdk']",1,0,1,0,0,31,3,0.0,0.0,0
safemoon,,[],,,,,,,,"['', 'https://www.safemoon.net', '']","['https://www.bscscan.com/token/0x8076c74c5e3f5852037f31ff0093eeb8c8add8d3', 'https://bscscan.com/token/0x8076c74c5e3f5852037f31ff0093eeb8c8add8d3', '', '', '']","['', '', '']",safemoon,safemoonprotocol,887005,https://www.reddit.com/r/SafeMoon/,9.417,9.417,247292,3425,,,83.94,44.886,21.019,64.432,47.981,0.031,['https://github.com/safemoonprotocol/Safemoon.sol'],571,453,72,65,5,0,0,0.0,0.0,0
terrausd,SHA-256,"['Seigniorage', 'Terra Ecosystem', 'USD Stablecoin', 'Stablecoins']",KR,,,,,,,"['https://terra.money', '', '']","['https://finder.terra.money', 'https://etherscan.io/token/0xa47c8bf37f92abed4a126bda807a7b7498661acd', 'https://ethplorer.io/address/0xa47c8bf37f92abed4a126bda807a7b7498661acd', '', '']","['', '', '']",terra_money,,79477,,0.0,0.0,0,0,206479.0,,66.67,28.533,0.0,10.383,52.759,0.101,['https://github.com/terra-project'],0,0,0,0,0,0,0,,,0
amp-token,,[],US,,,,,,,"['https://amptoken.org', '', '']","['https://etherscan.io/token/0xff20817765cb7f73d4bde2e66e067e58d11095c2', 'https://ethplorer.io/address/0xff20817765cb7f73d4bde2e66e067e58d11095c2', '', '', '']","['', '', '']",amptoken,,10524,https://www.reddit.com,6.364,6.364,9697,169,1976992.0,,81.67,32.362,0.0,41.94,36.809,0.008,['https://github.com/amptoken'],0,0,0,0,0,0,0,,,0
hedera-hashgraph,Directed Acyclic Graph (DAG),['Protocol'],US,,,,A governing body and public hashgraph network designed to address the needs of mainstream markets.,0.0,0.0,"['https://www.hedera.com/', '', '']","['https://hash-hash.info/', 'https://explorer.kabuto.sh/', 'https://ledger.hashlog.io/', 'https://app.dragonglass.me/hedera/home', '']","['', '', '']",hedera,hashgraph,111304,https://www.reddit.com/r/hashgraph,2.333,2.333,21061,249,195840.0,,79.7,36.429,0.0,43.289,55.933,0.054,"['https://github.com/hashgraph', 'https://github.com/hashgraph/hashgraph.github.io']",0,0,0,0,0,0,0,,,0
sushi,,"['Yearn Ecosystem', 'Decentralized Exchange Token (DEX)', 'Polygon Ecosystem', 'xDAI Ecosystem', 'Automated Market Maker (AMM)', 'Yield Farming', 'Decentralized Finance (DeFi)', 'Governance', 'Exchange-based Tokens']",,,,,,,,"['https://sushi.com/', '', 'https://forum.sushiswapclassic.org/']","['https://etherscan.io/token/0x6b3595068778dd592e39a122f4f5a5cf09c90fe2', 'https://ethplorer.io/address/0x6b3595068778dd592e39a122f4f5a5cf09c90fe2', 'https://bscscan.com/token/0x947950bcc74888a40ffa2593c5798f11fc9124c4', '', '']","['', '', '']",sushiswap,,100497,,0.0,0.0,0,0,58279.0,,75.32,31.508,0.0,10.599,67.257,0.263,[],0,0,0,0,0,0,0,,,0
compound-governance-token,,"['Lending/Borrowing', 'Yield Farming', 'Decentralized Finance (DeFi)', 'Governance']",,,,,,,,"['https://compound.finance/governance/comp', '', '']","['https://etherscan.io/token/0xc00e94cb662c3520282e6f5717214004a7f26888', 'https://ethplorer.io/address/0xc00e94cb662c3520282e6f5717214004a7f26888', '', '', '']","['', '', '']",compoundfinance,,148389,,0.0,0.0,0,0,21444.0,,72.34,45.256,61.104,10.954,59.027,0.09,['https://github.com/compound-finance/compound-protocol'],511,747,60,33,16,36,14,0.0,0.0,0
dash,X11,"['Cryptocurrency', 'Masternodes', 'Privacy Coins']",,2014-01-19,,,,,,"['https://www.dash.org', '', '']","['https://chainz.cryptoid.info/dash/', 'https://blockchair.com/dash', 'https://www.coinexplorer.net/DASH', 'https://dashblockexplorer.com/', 'https://dash.tokenview.com/']","['https://www.dash.org/forum/', '', '']",dashpay,,396412,https://www.reddit.com/r/dashpay,0.75,0.75,41112,142,75926.0,,64.15,61.893,86.778,45.083,72.897,0.036,"['https://github.com/dashpay/dash', 'https://github.com/dashevo/DashJS', 'https://github.com/dashevo/dapi-client', 'https://github.com/dashevo/js-machine', 'https://github.com/dashevo/js-dpp', 'https://github.com/dashevo/dashj', 'https://github.com/dashevo/dapi', 'https://github.com/dashpay/dash-network-deploy']",1089,1388,221,577,506,3122,84,2649.0,-3989.0,47
decred,Blake-256,"['Cryptocurrency', 'Governance', 'Privacy Coins']",,2016-02-08,,,,,,"['https://www.decred.org/', 'https://docs.decred.org/', '']","['https://dcrdata.decred.org/', 'https://dcr.tokenview.com/', '', '', '']","['', '', '']",decredproject,https://www.facebook.com/decredproject,45989,https://www.reddit.com/r/decred,0.364,0.364,11222,154,350460.0,,66.67,55.001,81.846,38.468,52.042,0.011,"['https://github.com/decred/dcrd', 'https://github.com/decred/dcrandroid', 'https://github.com/decred/politeiagui', 'https://github.com/decred/decrediton', 'https://github.com/decred/dcrwallet', 'https://github.com/decred/dcrdata']",255,600,85,456,439,1998,57,1362.0,-1030.0,22
telcoin,,[],JP,2017-12-11,2017-12-11T00:00:00.000Z,2018-02-11T00:00:00.000Z,A virtual currency distributed by your mobile operator and accepted everywhere. ,1.0,0.001,"['http://www.telco.in', '', '']","['https://etherscan.io/token/0x467Bccd9d29f223BcE8043b84E8C8B282827790F', 'https://ethplorer.io/address/0x467Bccd9d29f223BcE8043b84E8C8B282827790F', '', '', '']","['', '', '']",telcoin_team,telcoin,64699,https://www.reddit.com/r/Telcoin/,1.5,1.5,14614,251,593193.0,,85.4,39.285,16.329,41.393,52.097,0.019,['https://github.com/telcoin/ico'],3,11,7,0,0,0,0,0.0,0.0,0
havven,,"['Derivatives', 'Decentralized Exchange Token (DEX)', 'Synthetic Issuer', 'Yield Farming', 'Decentralized Finance (DeFi)', 'Governance', 'Exchange-based Tokens']",AU,2018-03-11,2018-02-28T00:00:00.000Z,2018-03-07T00:00:00.000Z,Havven is a decentralised payment network and stablecoin. It allows anyone to transact using a stable cryptocurrency.,1.0,0.5,"['https://www.synthetix.io/', '', '']","['https://etherscan.io/token/0xc011a73ee8576fb46f5e1c5751ca3b9fe0af2a6f', 'https://ethplorer.io/address/0xc011a73ee8576fb46f5e1c5751ca3b9fe0af2a6f', 'https://blockchair.com/ethereum/erc-20/token/0xc011a73ee8576fb46f5e1c5751ca3b9fe0af2a6f', 'https://hecoinfo.com/token/0x777850281719d5a96c29812ab72f822e0e09f3da', '']","['', '', '']",synthetix_io,,133597,https://www.reddit.com/r/synthetix_io/,0.0,0.0,6780,85,37543.0,,73.44,53.824,75.098,37.881,55.216,0.046,"['https://github.com/Synthetixio/synthetix', 'https://github.com/Synthetixio/synthetix-js']",253,483,56,111,37,963,31,135922.0,-152690.0,53
elrond-erd-2,,"['Protocol', 'Smart Contract Platform']",,,,,,,,"['https://elrond.com', 'https://elrond.com/blog', '']","['https://explorer.elrond.com/', '', '', '', '']","['', '', '']",elrondnetwork,,240890,https://www.reddit.com/r/elrondnetwork/,0.182,0.182,8969,50,50672.0,,87.8,55.362,82.368,39.24,52.54,0.067,"['https://github.com/ElrondNetwork/elrond-go', 'https://github.com/ElrondNetwork/elrond-ide-vscode', 'https://github.com/ElrondNetwork/elrond-sdk', 'https://github.com/ElrondNetwork/elrond-proxy-go', 'https://github.com/ElrondNetwork/arwen-wasm-vm']",108,632,62,365,344,2280,29,3622.0,-1631.0,89
nem,Proof of Importance,['Smart Contract Platform'],,2015-03-31,,,,,,"['https://nem.io/', '', '']","['http://chain.nem.ninja/', '', '', '', '']","['https://forum.nem.io/', '', '']",nemofficial,ourNEM,369079,https://www.reddit.com/r/nem,0.091,0.091,21580,182,134230.0,,56.25,55.309,74.543,42.725,58.325,0.048,"['https://github.com/nemtech/nem2-sdk-typescript-javascript', 'https://github.com/nemtech/nem2-cli', 'https://github.com/nemtech/nem2-workshop-nem-applied-to-supply-chain', 'https://github.com/nemtech/nem2-scenarios']",49,87,33,394,369,361,25,1304.0,-1784.0,12
true-usd,,"['Avalanche Ecosystem', 'USD Stablecoin', 'Stablecoins']",,2018-03-05,,,,,,"['https://trueusd.com/', 'https://www.trusttoken.com/', '']","['https://etherscan.io/token/0x0000000000085d4780B73119b644AE5ecd22b376', 'https://ethplorer.io/address/0x0000000000085d4780B73119b644AE5ecd22b376', 'https://blockchair.com/ethereum/erc-20/token/0x0000000000085d4780b73119b644ae5ecd22b376', 'https://tronscan.org/#/token20/TUpMhErZL2fhh4sVNULAbNKLokS4GjC1F4', '']","['', '', '']",tusd_official,TrustToken,12391,,0.0,0.0,0,0,223259.0,,66.67,48.53,78.725,8.669,57.202,0.002,['https://github.com/trusttoken/trueUSD'],71,201,27,26,26,560,19,332.0,-88.0,111
zcash,Equihash,['Privacy Coins'],,2016-10-28,,,,,,"['https://z.cash/', '', '']","['https://blockchair.com/zcash', 'https://zecblockexplorer.com/', 'https://zcash.tokenview.com/', 'https://explorer.zcha.in/', '']","['https://forum.z.cash/', '', '']",electriccoinco,,75899,https://www.reddit.com/r/zec,0.75,0.75,19862,160,167113.0,,65.85,60.969,84.565,41.375,75.617,0.022,"['https://github.com/zcash/zcash', 'https://github.com/zcash/librustzcash']",1807,4409,404,3148,2254,1125,82,9.0,-2.0,16
yearn-finance,,"['Yearn Ecosystem', 'Yield Aggregator', 'Yield Farming', 'Decentralized Finance (DeFi)', 'Governance']",ZA,,,,,,,"['https://yearn.finance', '', '']","['https://etherscan.io/token/0x0bc529c00c6401aef6d220be8c6ea1667f6ad93e', 'https://ethplorer.io/address/0x0bc529c00c6401aef6d220be8c6ea1667f6ad93e', 'https://blockscout.com/poa/xdai/tokens/0xbf65bfcb5da067446CeE6A706ba3Fe2fB1a9fdFd/token-transfers', '', '']","['', '', '']",iearnfinance,,126197,https://www.reddit.com/r/yearn_finance/,0.545,0.545,6310,47,9390.0,,72.6,48.93,45.889,38.408,67.303,0.106,"['https://github.com/iearn-finance/ygov-finance', 'https://github.com/iearn-finance/itoken', 'https://github.com/iearn-finance/iearn-finance', 'https://github.com/iearn-finance/yswap-finance']",90,49,12,14,11,6,5,0.0,0.0,0
holotoken,,"['Smart Contract Platform', 'Storage']",GI,,2018-03-29T00:00:00.000Z,2018-04-28T00:00:00.000Z,Distributed computing and applications,10000.0,0.0022671895,"['https://holo.host/', 'https://holochain.org/', '']","['https://etherscan.io/token/0x6c6ee5e31d828de241282b9606c8e98ea48526e2', 'https://ethplorer.io/address/0x6c6ee5e31d828de241282b9606c8e98ea48526e2', '', '', '']","['', '', '']",h_o_l_o_,holohost,78322,https://www.reddit.com/r/holochain,0.182,0.182,22804,188,291383.0,,78.42,52.913,64.347,41.013,61.332,0.026,"['https://github.com/holochain/holochain-rust', 'https://github.com/Holo-Host/holo-nixpkgs', 'https://github.com/Holochain/holochain-proto', 'https://github.com/holochain/holosqape', 'https://github.com/holochain/holochain-ui']",277,1040,127,552,302,1310,48,0.0,0.0,0
waves,Proof of Stake,"['Solana Ecosystem', 'Smart Contract Platform']",CH,2016-06-12,2016-04-12T00:00:00.000Z,2016-05-26T00:00:00.000Z,Waves is a Proof-of-Stake cryptocurrency,1.0,0.188,"['https://waves.tech/', '', '']","['http://wavesexplorer.com/', 'http://wavesgo.com/', 'https://wavesdesk.com', 'https://etherscan.io/token/0x1cF4592ebfFd730c7dc92c1bdFFDfc3B9EfCf29a', 'https://ethplorer.io/address/0x1cF4592ebfFd730c7dc92c1bdFFDfc3B9EfCf29a']","['', '', '']",wavesprotocol,,191626,https://www.reddit.com/r/Wavesplatform/,0.636,0.636,58955,147,213856.0,,62.5,59.659,84.324,45.277,65.323,0.019,"['https://github.com/wavesplatform/', 'https://github.com/waves-enterprise/WE-releases', 'https://github.com/wavesplatform/WavesWallet-iOS', 'https://github.com/wavesplatform/WavesCS', 'https://github.com/wavesplatform/WavesGUI', 'https://github.com/wavesplatform/Waves']",394,1099,193,340,319,2861,53,6074.0,-9082.0,30
zilliqa,Ethash,['Smart Contract Platform'],SG,2019-01-31,2017-12-27T00:00:00.000Z,2018-01-04T00:00:00.000Z,High Throughput Blockchain Platform,1.0,8.47e-06,"['https://www.zilliqa.com/', '', '']","['https://viewblock.io/zilliqa', '', '', '', '']","['', '', '']",zilliqa,,294453,https://www.reddit.com/r/zilliqa/,3.0,3.0,33929,373,66653.0,,77.22,58.842,81.771,46.393,63.319,0.061,"['https://github.com/Zilliqa/Zilliqa', 'https://github.com/Zilliqa/Zilliqa-JavaScript-Library', 'https://github.com/Zilliqa/Zilliqa-Wallet', 'https://github.com/Zilliqa/scilla']",230,1010,119,326,240,2022,43,363.0,-112.0,43
chiliz,,"['Non-Fungible Tokens (NFT)', 'Sports']",,,,,"A currency that fuels blockchain-backed platforms & products geared toward casual, mainstream consumers beginning with Socios.com",1.0,0.022,"['https://www.chiliz.com/', 'https://www.socios.com/', '']","['https://explorer.binance.org/asset/CHZ-ECD', 'https://etherscan.io/token/0x3506424f91fd33084466f402d5d97f05f8e3b4af', 'https://ethplorer.io/address/0x3506424f91fd33084466f402d5d97f05f8e3b4af', '', '']","['', '', '']",chiliz,chilizdotcom,345481,,0.0,0.0,0,0,325304.0,,76.27,30.481,0.0,11.734,62.054,0.075,[],0,0,0,0,0,0,0,,,0
huobi-btc,,['Tokenized BTC'],,,,,,,,"['https://www.hbtc.finance/zh-cn/', 'https://www.hecochain.com/en-us/assets/', '']","['https://etherscan.io/token/0x0316EB71485b0Ab14103307bf65a021042c6d380', 'https://ethplorer.io/address/0x0316eb71485b0ab14103307bf65a021042c6d380', 'https://hecoinfo.com/token/0x66a79d23e58475d2738179ca52cd0b41d73f0bea', '', '']","['', '', '']",HuobiGlobal,,445725,,0.0,0.0,0,0,5034368.0,,42.86,27.029,0.0,11.97,44.954,0.0,[],0,0,0,0,0,0,0,,,0
enjincoin,,"['Entertainment', 'Non-Fungible Tokens (NFT)', 'Gaming']",,2017-10-02,2017-10-30T00:00:00.000Z,2017-11-29T00:00:00.000Z,Smart Cryptocurrency for Gaming,0.0,0.0,"['https://enjin.io/', '', '']","['https://etherscan.io/token/0xf629cbd94d3791c9250152bd8dfbdf380e2a3b9c', 'https://ethplorer.io/address/0xf629cbd94d3791c9250152bd8dfbdf380e2a3b9c', '', '', '']","['', '', '']",enjin,,209497,https://www.reddit.com/r/EnjinCoin,0.917,0.917,33076,174,80924.0,,77.45,50.711,52.21,44.37,62.202,0.088,['https://github.com/enjin/erc-1155'],127,223,33,15,7,15,8,0.0,0.0,0
staked-ether,,"['Eth 2.0 Staking', 'Decentralized Finance (DeFi)']",,,,,,,,"['https://www.lido.fi', '', '']","['https://etherscan.io/token/0xae7ab96520de3a18e5e111b5eaab095312d7fe84', 'https://ethplorer.io/address/0xae7ab96520de3a18e5e111b5eaab095312d7fe84', '', '', '']","['', '', '']",lidofinance,,24736,https://www.reddit.com/r/lidofinance/,0.0,0.0,345,17,,,71.43,29.581,0.0,27.053,41.183,0.012,['https://github.com/lidofinance'],0,0,0,0,0,0,0,,,0
near,,['Smart Contract Platform'],,,,,,,,"['https://nearprotocol.com/', '', '']","['https://explorer.nearprotocol.com/', 'https://hubble.figment.io/near/chains/mainnet', '', '', '']","['', '', '']",nearprotocol,NearProtocol/,80753,,0.0,0.0,0,0,0.0,,61.54,48.859,79.737,10.383,56.236,0.0,"['https://github.com/near', 'https://github.com/nearprotocol/near-wallet', 'https://github.com/nearprotocol/nearlib', 'https://github.com/nearprotocol/nearcore']",137,899,55,1778,1344,2138,47,44128.0,-34046.0,26
nexo,,['Finance / Banking'],CH,,2018-03-06T00:00:00.000Z,2018-04-01T00:00:00.000Z,Nexo - The World’s First Instant Crypto Overdrafts. Powered by Credissimo - A Leading FinTech Group serving millions of people across Europe for over 10 years.,1.0,0.1,"['https://nexo.io/', '', '']","['https://etherscan.io/token/0xb62132e35a6c13ee1ee0f84dc5d40bad8d815206', 'https://ethplorer.io/address/0xb62132e35a6c13ee1ee0f84dc5d40bad8d815206', 'https://blockchair.com/ethereum/erc-20/token/0xb62132e35a6c13ee1ee0f84dc5d40bad8d815206', '', '']","['', '', '']",NexoFinance,NexoFinance,94150,https://www.reddit.com/r/Nexo/,5.25,5.25,18522,344,13414.0,,84.0,37.808,16.771,43.32,43.193,0.368,['https://github.com/nexofinance/NEXO-Token/'],45,63,16,2,0,0,0,0.0,0.0,0
paxos-standard,,"['USD Stablecoin', 'Stablecoins']",,,,,The new digital dollar,1.0,1.0,"['https://www.paxos.com/standard/', '', '']","['https://etherscan.io/token/0x8e870d67f660d95d5be530380d0ec0bd388289e1', 'https://ethplorer.io/address/0x8e870d67f660d95d5be530380d0ec0bd388289e1', 'https://blockchair.com/ethereum/erc-20/token/0x8e870d67f660d95d5be530380d0ec0bd388289e1', '', '']","['', '', '']",PaxosStandard,,7809,,0.0,0.0,0,0,82114.0,,50.0,39.708,48.055,8.244,53.01,0.048,['https://github.com/paxosglobal/pax-contracts'],57,64,26,5,5,9,3,0.0,0.0,0
helium,,['Communication'],US,,2018-10-15T00:00:00.000Z,2018-11-30T00:00:00.000Z,First wireless decentralized network for machines via new physical blockchain.,0.0,0.0,"['https://www.helium.com/', '', '']","['https://explorer.helium.com/', '', '', '', '']","['', '', '']",helium,heliumsystems,52348,https://www.reddit.com/r/HeliumNetwork,9.167,9.167,35376,558,67416.0,,80.88,35.324,0.0,50.074,44.659,0.556,['https://github.com/helium/erlang-hbbft'],0,0,0,0,0,0,0,,,0
fei-protocol,,"['Decentralized Finance (DeFi)', 'Stablecoins', 'Asset-backed Tokens']",US,,,,,,,"['https://fei.money/', 'https://app.fei.money/', 'https://docs.fei.money/']","['https://etherscan.io/address/0x956F47F50A910163D8BF957Cf5846D573E7f87CA', 'https://etherscan.io/token/0x956f47f50a910163d8bf957cf5846d573e7f87ca', 'https://ethplorer.io/address/0x956f47f50a910163d8bf957cf5846d573e7f87ca', '', '']","['', '', '']",feiprotocol,,25625,,0.0,0.0,0,0,,,80.0,28.742,0.0,9.341,57.252,0.06,[],0,0,0,0,0,0,0,,,0
basic-attention-token,,[],,2017-05-29,2017-05-31T00:00:00.000Z,2017-05-31T00:00:00.000Z,Introducing blockchain-based advertising,6400.0,1.0,"['https://basicattentiontoken.org/', '', '']","['https://etherscan.io/token/0x0d8775f648430679a709e98d2b0cb6250d2887ef', 'https://ethplorer.io/address/0x0d8775f648430679a709e98d2b0cb6250d2887ef', 'https://blockchair.com/ethereum/erc-20/token/0x0d8775f648430679a709e98d2b0cb6250d2887ef', '', '']","['', '', '']",AttentionToken,,205133,https://www.reddit.com/r/BATProject,3.333,3.333,74528,384,21280.0,,77.78,57.614,78.007,48.077,61.085,0.077,"['https://github.com/brave-intl/publishers', 'https://github.com/brave-intl/bat-native-ledger', 'https://github.com/brave-intl/bat-ledger']",31,51,20,1317,1205,1565,40,1937.0,-1213.0,28
qtum,Proof of Stake,['Smart Contract Platform'],,,2017-03-12T00:00:00.000Z,2017-03-17T00:00:00.000Z,UTXO based POS Smart Contract Platform,1.0,0.3,"['https://qtum.org/en/', '', '']","['https://qtum.info/', 'https://qtumexplorer.io/', 'https://explorer.qtum.org/', '', '']","['https://forum.qtum.org/', '', '']",qtum,QtumOfficial,245178,https://www.reddit.com/r/Qtum,0.167,0.167,16691,133,161930.0,,68.42,57.509,78.678,41.235,67.284,0.018,"['https://github.com/qtumproject/qtum', 'https://github.com/qtumproject/qtum-electrum', 'https://github.com/qtumproject/qtumjs', 'https://github.com/qtumproject/qtum-web-wallet', 'https://github.com/qtumproject/libqtum']",346,1109,197,308,285,384,29,43.0,-18.0,9
zencash,Equihash,"['Masternodes', 'Privacy Coins']",,,,,,,,"['https://horizen.global', '', '']","['https://explorer.zensystem.io/', 'https://zen.tokenview.com/', '', '', '']","['https://forum.horizen.global/', 'https://academy.horizen.global/', 'https://heap.horizen.global/']",horizenglobal,zencash,111778,https://www.reddit.com/r/Horizen,0.167,0.167,7345,53,249437.0,,80.0,51.45,66.652,37.922,55.799,0.002,"['https://github.com/HorizenOfficial', 'https://github.com/HorizenOfficial/ginger-lib', 'https://github.com/HorizenOfficial/HorizenAcademy', 'https://github.com/HorizenOfficial/Sidechains-SDK', 'https://github.com/HorizenOfficial/zen']",59,99,33,88,76,243,28,22.0,-30.0,3
blockstack,,['Infrastructure'],US,,2017-11-01T00:00:00.000Z,2017-11-13T00:00:00.000Z,Blockstack is a new internet for decentralized apps where users own their data.,1.0,0.12,"['http://stacks.co/', 'http://stacking.club/', '']","['https://explorer.stacks.co/', 'http://stacking.club/', '', '', '']","['https://forum.stacks.org/', '', '']",Stacks ,,64870,https://www.reddit.com,0.0,0.0,0,0,113475.0,,57.89,43.213,68.468,10.195,42.938,0.031,['https://github.com/blockstack/blockstack'],220,1906,180,313,287,108,20,0.0,0.0,0
decentraland,,"['Metaverse', 'Polygon Ecosystem', 'Entertainment', 'Non-Fungible Tokens (NFT)']",AR,2017-09-06,2017-08-08T00:00:00.000Z,2017-08-08T00:00:00.000Z,A blockchain-based virtual reality world,1.0,0.02,"['https://decentraland.org/', '', '']","['https://etherscan.io/token/0x0f5d2fb29fb7d3cfee444a200298f468908cc942', 'https://ethplorer.io/address/0x0f5d2fb29fb7d3cfee444a200298f468908cc942', '', '', '']","['', '', '']",decentraland,,138905,https://www.reddit.com/r/decentraland,2.167,2.167,32981,178,87671.0,,81.43,51.041,58.905,44.278,56.456,0.167,"['https://github.com/decentraland/marketplace', 'https://github.com/decentraland/cli', 'https://github.com/decentraland/land-auction', 'https://github.com/decentraland/mana', 'https://github.com/decentraland/decentraland-dapps']",0,0,0,0,0,0,0,,,0
nano,Directed Acyclic Graph (DAG),['Cryptocurrency'],,,,,,,,"['https://nano.org/en', 'https://www.nanolooker.com', '']","['https://nanocrawler.cc', '', '', '', '']","['', '', '']",nano,nanofoundation,131206,https://www.reddit.com/r/nanocurrency,3.417,3.417,98944,586,313412.0,,81.58,59.108,86.878,49.267,56.568,0.036,['https://github.com/nanocurrency/raiblocks'],710,3214,280,962,797,1983,67,2236.0,-1642.0,48
harmony,,"['Protocol', 'Smart Contract Platform']",US,,,,Open Consensus for 10B people,1.0,0.003175,"['https://harmony.one/', '', '']","['https://explorer.harmony.one/', '', '', '', '']","['', '', '']",harmonyprotocol,,178177,https://www.reddit.com/r/harmony_one/,3.667,3.667,24286,183,160621.0,,86.5,57.222,82.608,46.736,55.379,0.093,"['https://github.com/harmony-one/harmony', 'https://github.com/harmony-one/libunison']",171,1188,91,967,831,2297,47,892.0,-136.0,33
bitcoin-gold,Equihash,['Cryptocurrency'],,,,,,,,"['https://bitcoingold.org/', '', '']","['https://explorer.bitcoingold.org/insight/', 'https://btgexplorer.com/', 'https://btg.tokenview.com/', '', '']","['', '', '']",bitcoingold,,98690,,0.0,0.0,0,0,374330.0,,65.22,43.974,68.847,10.582,46.041,0.012,['https://github.com/BTCGPU/BTCGPU'],323,597,144,253,245,106,28,0.0,0.0,0
the-graph,,"['Solana Ecosystem', 'Near Protocol Ecosystem', 'Polygon Ecosystem', 'Business Services', 'Infrastructure', 'Binance Smart Chain Ecosystem', 'Decentralized Finance (DeFi)', 'Analytics']",,,,,,,,"['https://thegraph.com/', '', '']","['https://etherscan.io/token/0xc944e90c64b2c07662a292be6244bdf05cda44a7', 'https://ethplorer.io/address/0xc944e90c64b2c07662a292be6244bdf05cda44a7', '', '', '']","['', '', '']",graphprotocol,,109238,https://www.reddit.com/r/thegraph,0.583,0.583,15147,47,,,76.61,57.418,83.554,40.418,62.151,0.061,"['https://github.com/graphprotocol/graph-node', 'https://github.com/graphprotocol/graph-ts', 'https://github.com/graphprotocol/graph-cli']",248,1051,52,935,803,1303,39,3383.0,-2436.0,127
digibyte,Multiple Algorithms,"['Internet of Things (IOT)', 'Artificial Intelligence', 'Cryptocurrency', 'Smart Contract Platform', 'Privacy Coins']",,2014-01-10,,,,,,"['https://DigiByte.org', '', '']","['https://digiexplorer.info/', 'https://chainz.cryptoid.info/dgb/', 'https://altexplorer.co/coin/dgb', 'https://digibyteblockexplorer.com/', 'https://dgb.tokenview.com/']","['https://www.dgbwiki.com/', '', '']",digibytecoin,digibytecoin,220032,https://www.reddit.com/r/Digibyte,1.333,1.333,39080,215,238709.0,,80.73,51.782,64.983,44.868,52.394,0.02,"['https://github.com/DigiByte-Core/DGBio', 'https://github.com/DigiByte-Core/insight-api', 'https://github.com/DigiByte-Core/digibytewallet-android', 'https://github.com/DigiByte-Core/digibytewallet-ios', 'https://github.com/DigiByte-Core/digibytewallet-core', 'https://github.com/DigiByte-Core/digibyte']",20,41,21,8,3,110,29,0.0,0.0,16
bancor,,"['Decentralized Exchange Token (DEX)', 'Automated Market Maker (AMM)', 'Decentralized Finance (DeFi)', 'Exchange-based Tokens']",,2017-06-12,2017-06-12T18:00:00.000Z,2017-07-15T00:00:00.000Z,Standard for a new generation of cryptocurrencies - Smart Tokens,0.0,0.0,"['https://www.bancor.network/', '', '']","['https://etherscan.io/token/0x1f573d6fb3f13d689ff844b4ce37794d79a7ff1c', 'https://ethplorer.io/address/0x1f573d6fb3f13d689ff844b4ce37794d79a7ff1c', 'https://blockchair.com/ethereum/erc-20/token/0x1f573d6fb3f13d689ff844b4ce37794d79a7ff1c', '', '']","['https://blog.bancor.network/', '', '']",Bancor,bancor,120817,https://www.reddit.com/r/Bancor,0.273,0.273,7408,151,95264.0,,84.0,52.234,75.97,38.61,47.963,0.059,"['https://github.com/bancorprotocol/contracts', 'https://github.com/bancorprotocol/contracts_eos']",305,706,57,58,58,466,15,0.0,0.0,8
ontology,,"['Near Protocol Ecosystem', 'Smart Contract Platform', 'Binance Smart Chain Ecosystem', 'Polkadot Ecosystem']",,2018-02-26,,,,,,"['https://ont.io/', '', '']","['https://explorer.ont.io/', 'https://ont.tokenview.com/', '', '', '']","['', '', '']",OntologyNetwork,ONTnetwork,138855,https://www.reddit.com/r/OntologyNetwork/,0.455,0.455,19343,134,254257.0,,83.33,56.617,76.44,41.539,65.957,0.015,"['https://github.com/ontio/ontology', 'https://github.com/ontio/ontology-python-sdk', 'https://github.com/ontio/ontology-ts-sdk', 'https://github.com/ontio/ontology-go-sdk']",309,755,117,203,179,894,47,21142.0,-2795.0,10
pirate-chain,Equihash,['Privacy Coins'],,2018-08-29,,,,,,"['https://pirate.black/', '', '']","['http://pirate.explorer.dexstats.info/', 'https://pirate.kmdexplorer.io/', 'https://explorer.pirate.black', '', '']","['', '', '']",PirateChain,PirateChain,14282,https://www.reddit.com/r/piratechain,1.25,1.25,4236,59,1007506.0,,80.24,46.505,69.798,35.201,30.81,0.021,"['https://github.com/PirateNetwork/pirate', 'https://github.com/PirateNetwork/SevenSeas', 'https://github.com/PirateNetwork/PirateOcean']",22,47,10,43,38,17,8,1450.0,-774.0,80
husd,,"['USD Stablecoin', 'Stablecoins']",,,,,,,,"['https://www.stcoins.com/', '', '']","['https://etherscan.io/token/0xdf574c24545e5ffecb9a659c229253d4111d87e1', 'https://ethplorer.io/address/0xdf574c24545e5ffecb9a659c229253d4111d87e1', 'https://hecoinfo.com/token/0x0298c2b32eae4da002a15f36fdf7615bea3da047', '', '']","['', '', '']",Stablecoin_HUSD,,4644,,0.0,0.0,0,0,656213.0,,100.0,28.218,0.0,7.769,57.352,0.003,['https://github.com/stcoins/HUSD'],0,0,0,0,0,0,0,,,0
uma,,"['Derivatives', 'Finance / Banking', 'Synthetic Issuer', 'Polygon Ecosystem', 'Business Services', 'Decentralized Finance (DeFi)', 'Governance']",,,,,,,,"['https://umaproject.org', '', '']","['https://etherscan.io/token/0x04Fa0d235C4abf4BcF4787aF4CF447DE572eF828', 'https://ethplorer.io/address/0x04Fa0d235C4abf4BcF4787aF4CF447DE572eF828', '', '', '']","['', '', '']",UMAprotocol,,39497,,0.0,0.0,0,0,96214.0,,53.85,48.197,81.347,9.738,52.781,0.013,['https://github.com/UMAprotocol/protocol'],123,211,20,921,823,1988,33,25422.0,-14304.0,90
liquity-usd,,"['USD Stablecoin', 'Decentralized Finance (DeFi)', 'Stablecoins']",,,,,,,,"['https://www.liquity.org/', '', '']","['https://etherscan.io/token/0x5f98805A4E8be255a32880FDeC7F6728C6568bA0', 'https://ethplorer.io/address/0x5f98805a4e8be255a32880fdec7f6728c6568ba0', '', '', '']","['', '', '']",LiquityProtocol,,16451,https://www.reddit.com/r/Liquity/,0.083,0.083,207,5,,,50.0,29.049,0.0,25.167,42.429,0.015,['https://github.com/liquity/dev'],0,0,0,0,0,0,0,,,0
bakerytoken,,"['Non-Fungible Tokens (NFT)', 'Binance Smart Chain Ecosystem']",,,,,,,,"['https://www.bakeryswap.org/#/home', '', '']","['https://bscscan.com/token/0xE02dF9e3e622DeBdD69fb838bB799E3F168902c5', '', '', '', '']","['', '', '']",bakery_swap,,331030,,0.0,0.0,0,0,60734.0,,67.12,29.543,0.0,11.696,60.168,0.25,['https://github.com/BakeryProject'],0,0,0,0,0,0,0,,,0
0x,,"['Decentralized Exchange Token (DEX)', 'Protocol', 'Polkadot Ecosystem', 'Decentralized Finance (DeFi)', 'Governance']",US,2017-08-11,2017-08-15T00:00:00.000Z,2017-09-16T00:00:00.000Z,The protocol for decentralized exchange,1.0,0.048,"['https://0x.org/', '', '']","['https://0xtracker.com/', 'https://etherscan.io/token/0xe41d2489571d322189246dafa5ebde1f4699f498', 'https://ethplorer.io/address/0xe41d2489571d322189246dafa5ebde1f4699f498', 'https://blockchair.com/ethereum/erc-20/token/0xe41d2489571d322189246dafa5ebde1f4699f498', '']","['', '', '']",0xproject,,218289,https://www.reddit.com/r/0xProject/,0.091,0.091,19348,123,88488.0,,88.0,54.491,69.803,41.541,63.86,0.032,"['https://github.com/0xProject/0x-monorepo', 'https://github.com/0xProject/ZEIPs', 'https://github.com/0xProject/0x-launch-kit', 'https://github.com/0xProject/0x-starter-project']",472,1351,85,447,435,1802,77,0.0,0.0,0
siacoin,Blake2b,"['Near Protocol Ecosystem', 'Storage']",US,2015-06-06,,,Sia creates a decentralized storage marketplace,1.0,2.1e-07,"['https://sia.tech/', 'https://www.siasky.net/', '']","['https://www.siastats.info/index', 'https://explore.sia.tech/', 'https://sc.tokenview.com/', '', '']","['', '', '']",SkynetLabs,,137832,https://www.reddit.com/r/siacoin,1.636,1.636,46535,214,144998.0,,80.28,50.23,55.122,44.836,57.212,0.042,"['https://github.com/SiaFoundation/siad', 'https://github.com/SkynetLabs/skynet-webportal', 'https://github.com/NebulousLabs/Sia']",7,11,4,3,2,10,4,1728.0,-777.0,37
arweave,,['Storage'],GB,,2018-06-05T00:00:00.000Z,2018-06-07T00:00:00.000Z,"The New Backbone of the Decentralised Internet, Arweave is a new data storage blockchain protocol based on a novel proof of access consensus mechanism.",1.0,0.74,"['https://arweave.org/', '', '']","['https://viewblock.io/arweave', '', '', '', '']","['', '', '']",arweaveteam,ArweaveTeam,20445,,0.0,0.0,0,0,296616.0,,81.89,26.255,0.0,9.126,46.465,0.021,['https://github.com/ArweaveTeam/arweave'],0,0,0,0,0,0,0,,,0
